Date,Open,High,Low,Close,Volume,Adj Close
2017-04-26 00:00:00,9.0,9.01,8.96,8.99,382147.03,8.99
2017-04-25 00:00:00,8.93,9.01,8.93,9.0,377933.38,9.0
2017-04-24 00:00:00,8.97,8.98,8.89,8.93,394995.28,8.93
2017-04-21 00:00:00,8.92,8.99,8.9,8.97,325408.16,8.97
2017-04-20 00:00:00,8.9,8.94,8.89,8.92,437630.0,8.92
2017-04-19 00:00:00,9.03,9.04,8.9,8.91,799668.56,8.91
2017-04-18 00:00:00,9.09,9.1,9.05,9.05,335376.97,9.05
2017-04-17 00:00:00,9.08,9.11,9.05,9.1,531892.19,9.1
2017-04-14 00:00:00,9.11,9.12,9.06,9.08,490500.47,9.08
2017-04-13 00:00:00,9.11,9.14,9.1,9.12,357442.56,9.12
2017-04-12 00:00:00,9.16,9.17,9.1,9.12,455336.53,9.12
2017-04-11 00:00:00,9.17,9.19,9.09,9.15,612437.94,9.15
2017-04-10 00:00:00,9.2,9.21,9.17,9.18,401343.91,9.18
2017-04-07 00:00:00,9.19,9.22,9.17,9.2,514844.75,9.2
2017-04-06 00:00:00,9.2,9.22,9.17,9.2,434391.47,9.2
2017-04-05 00:00:00,9.16,9.22,9.15,9.21,499150.09,9.21
2017-03-31 00:00:00,9.08,9.18,9.08,9.17,633121.19,9.17
2017-03-30 00:00:00,9.12,9.12,9.06,9.08,687285.5,9.08
2017-03-29 00:00:00,9.13,9.15,9.09,9.11,601140.69,9.11
2017-03-28 00:00:00,9.16,9.17,9.1,9.12,481372.75,9.12
2017-03-27 00:00:00,9.12,9.19,9.08,9.14,985012.06,9.14
2017-03-24 00:00:00,9.2,9.24,9.16,9.19,710827.81,9.19
2017-03-23 00:00:00,9.16,9.24,9.15,9.2,433588.28,9.2
2017-03-22 00:00:00,9.2,9.22,9.14,9.16,566123.62,9.16
2017-03-21 00:00:00,9.25,9.26,9.2,9.24,554648.75,9.24
2017-03-20 00:00:00,9.29,9.31,9.22,9.25,715021.75,9.25
2017-03-17 00:00:00,9.45,9.46,9.3,9.31,1583647.0,9.31
2017-03-16 00:00:00,9.48,9.53,9.45,9.52,635953.81,9.52
2017-03-15 00:00:00,9.42,9.48,9.42,9.48,546560.88,9.48
2017-03-14 00:00:00,9.43,9.46,9.41,9.44,404484.38,9.44
2017-03-13 00:00:00,9.39,9.45,9.37,9.44,545304.44,9.44
2017-03-10 00:00:00,9.38,9.41,9.36,9.4,390182.25,9.4
2017-03-09 00:00:00,9.41,9.43,9.36,9.38,378169.91,9.38
2017-03-08 00:00:00,9.43,9.45,9.4,9.42,244438.41,9.42
2017-03-07 00:00:00,9.44,9.46,9.4,9.45,294672.81,9.45
2017-03-06 00:00:00,9.4,9.46,9.39,9.45,404511.38,9.45
2017-03-03 00:00:00,9.41,9.43,9.36,9.4,342655.09,9.4
2017-03-02 00:00:00,9.51,9.54,9.42,9.43,403628.72,9.43
2017-03-01 00:00:00,9.49,9.55,9.47,9.49,346993.72,9.49
2017-02-28 00:00:00,9.43,9.51,9.42,9.48,369719.69,9.48
2017-02-27 00:00:00,9.5,9.5,9.42,9.43,407341.12,9.43
2017-02-24 00:00:00,9.5,9.54,9.48,9.5,332500.12,9.5
2017-02-23 00:00:00,9.55,9.57,9.48,9.51,335327.81,9.51
2017-02-22 00:00:00,9.57,9.57,9.5,9.57,462966.12,9.57
2017-02-21 00:00:00,9.55,9.62,9.54,9.57,646584.19,9.57
2017-02-20 00:00:00,9.4,9.58,9.4,9.56,898755.38,9.56
2017-02-17 00:00:00,9.46,9.49,9.37,9.39,423774.97,9.39
2017-02-16 00:00:00,9.45,9.5,9.42,9.46,411161.12,9.46
2017-02-15 00:00:00,9.4,9.54,9.39,9.45,756613.06,9.45
2017-02-14 00:00:00,9.41,9.42,9.37,9.4,362404.59,9.4
2017-02-13 00:00:00,9.34,9.44,9.33,9.41,638364.75,9.41
2017-02-10 00:00:00,9.32,9.36,9.31,9.33,482743.25,9.33
2017-02-09 00:00:00,9.3,9.33,9.28,9.31,342855.12,9.31
2017-02-08 00:00:00,9.29,9.3,9.24,9.3,360272.41,9.3
2017-02-07 00:00:00,9.31,9.32,9.27,9.3,396884.97,9.3
2017-02-06 00:00:00,9.26,9.32,9.26,9.31,516786.12,9.31
2017-02-03 00:00:00,9.34,9.36,9.23,9.26,315472.25,9.26
2017-02-02 00:00:00,9.45,10.26,9.33,10.26,19345.0,
2017-01-26 00:00:00,9.27,9.34,9.26,9.33,420712.56,9.33
2017-01-25 00:00:00,9.27,9.28,9.25,9.26,304401.97,9.26
2017-01-24 00:00:00,9.23,9.28,9.2,9.27,470244.09,9.27
2017-01-23 00:00:00,9.22,9.26,9.2,9.22,420299.31,9.22
2017-01-20 00:00:00,9.17,9.23,9.17,9.22,393328.56,9.22
2017-01-19 00:00:00,9.15,9.24,9.15,9.18,437712.88,9.18
2017-01-18 00:00:00,9.14,9.19,9.13,9.17,574269.38,9.17
2017-01-17 00:00:00,9.12,9.16,9.1,9.15,545552.38,9.15
2017-01-16 00:00:00,9.15,9.16,9.07,9.14,683165.81,9.14
2017-01-13 00:00:00,9.14,9.19,9.12,9.16,434301.38,9.16
2017-01-12 00:00:00,9.13,9.17,9.13,9.15,428006.75,9.15
2017-01-11 00:00:00,9.14,9.17,9.13,9.14,303430.88,9.14
2017-01-10 00:00:00,9.15,9.16,9.14,9.15,241053.95,9.15
2017-01-09 00:00:00,9.13,9.17,9.11,9.15,361081.56,9.15
2017-01-06 00:00:00,9.17,9.17,9.11,9.13,358154.19,9.13
2017-01-05 00:00:00,9.17,9.18,9.15,9.17,344372.91,9.17
2017-01-04 00:00:00,9.15,9.18,9.14,9.16,449329.53,9.16
2017-01-03 00:00:00,9.11,9.18,9.09,9.16,459840.47,9.16
2016-12-30 00:00:00,9.08,9.1,9.06,9.1,302607.38,9.1
2016-12-29 00:00:00,9.07,9.09,9.05,9.08,338758.53,9.08
2016-12-28 00:00:00,9.08,9.11,9.04,9.06,336055.09,9.06
2016-12-27 00:00:00,9.12,9.13,9.07,9.08,268841.25,9.08
2016-12-26 00:00:00,9.06,9.13,9.02,9.12,302058.97,9.12
2016-12-23 00:00:00,9.14,9.14,9.07,9.08,382912.16,9.08
2016-12-22 00:00:00,9.15,9.16,9.11,9.14,341341.25,9.14
2016-12-21 00:00:00,9.12,9.16,9.11,9.16,369920.62,9.16
2016-12-20 00:00:00,9.2,9.2,9.08,9.11,636638.38,9.11
2016-12-19 00:00:00,9.22,9.23,9.17,9.2,494010.62,9.2
2016-12-16 00:00:00,9.24,9.29,9.21,9.25,396813.97,9.25
2016-12-15 00:00:00,9.37,9.41,9.21,9.25,827612.88,9.25
2016-12-14 00:00:00,9.42,9.51,9.4,9.4,597705.75,9.4
2016-12-13 00:00:00,9.48,9.5,9.33,9.42,645771.56,9.42
2016-12-12 00:00:00,9.65,9.77,9.44,9.5,1256874.0,9.5
2016-12-09 00:00:00,9.5,9.75,9.48,9.65,1514199.25,9.65
2016-12-08 00:00:00,9.5,9.55,9.43,9.52,671452.19,9.52
2016-12-07 00:00:00,9.48,9.49,9.41,9.48,493404.75,9.48
2016-12-06 00:00:00,9.48,9.52,9.45,9.49,602902.75,9.49
2016-12-05 00:00:00,9.5,9.54,9.41,9.46,764365.69,9.46
2016-12-02 00:00:00,9.6,9.6,9.44,9.55,829686.5,9.55
2016-12-01 00:00:00,9.57,9.63,9.55,9.6,646004.38,9.6
2016-11-30 00:00:00,9.65,9.72,9.5,9.55,1025963.06,9.55
2016-11-29 00:00:00,9.59,9.7,9.55,9.62,887779.19,9.62
2016-11-28 00:00:00,9.69,9.78,9.6,9.63,1279689.25,9.63
2016-11-25 00:00:00,9.48,9.62,9.46,9.62,1013674.94,9.62
2016-11-24 00:00:00,9.44,9.52,9.42,9.47,779748.81,9.47
2016-11-23 00:00:00,9.34,9.56,9.34,9.45,1752869.5,9.45
2016-11-22 00:00:00,9.24,9.36,9.23,9.36,1180257.0,9.36
2016-11-21 00:00:00,9.18,9.28,9.17,9.24,850243.25,9.24
2016-11-18 00:00:00,9.21,9.21,9.16,9.18,517597.38,9.18
2016-11-17 00:00:00,9.22,9.22,9.18,9.21,505324.0,9.21
2016-11-16 00:00:00,9.23,9.24,9.2,9.23,415842.41,9.23
2016-11-15 00:00:00,9.2,9.24,9.18,9.23,554342.94,9.23
2016-11-14 00:00:00,9.16,9.25,9.16,9.22,975078.75,9.22
2016-11-11 00:00:00,9.14,9.18,9.11,9.18,812269.69,9.18
2016-11-10 00:00:00,9.1,9.16,9.1,9.14,631998.75,9.14
2016-11-09 00:00:00,9.14,9.14,9.01,9.07,722616.75,9.07
2016-11-08 00:00:00,9.12,9.15,9.1,9.15,806694.94,9.15
2016-11-07 00:00:00,9.1,9.12,9.07,9.12,497240.12,9.12
2016-11-04 00:00:00,9.11,9.17,9.1,9.11,508117.56,9.11
2016-11-03 00:00:00,9.06,9.14,9.05,9.13,616871.12,9.13
2016-11-02 00:00:00,9.14,9.14,9.05,9.07,633586.06,9.07
2016-10-28 00:00:00,9.16,9.23,9.14,9.17,541997.75,9.17
2016-10-27 00:00:00,9.16,9.17,9.12,9.16,324140.56,9.16
2016-10-26 00:00:00,9.22,9.22,9.13,9.15,440452.12,9.15
2016-10-25 00:00:00,9.25,9.26,9.18,9.21,500752.91,9.21
2016-10-24 00:00:00,9.13,9.3,9.12,9.24,915677.06,9.24
2016-10-21 00:00:00,9.08,9.13,9.06,9.13,683896.75,9.13
2016-10-20 00:00:00,9.08,9.09,9.05,9.07,342844.56,9.07
2016-10-19 00:00:00,9.09,9.11,9.05,9.08,482636.16,9.08
2016-10-18 00:00:00,9.03,9.09,9.03,9.09,593737.06,9.09
2016-10-17 00:00:00,9.08,9.09,9.03,9.05,359223.16,9.05
2016-10-14 00:00:00,9.06,9.09,9.04,9.09,335411.75,9.09
2016-10-13 00:00:00,9.08,9.11,9.05,9.07,632367.94,9.07
2016-10-12 00:00:00,9.14,9.16,9.12,9.13,270316.19,9.13
2016-10-11 00:00:00,9.13,9.15,9.11,9.15,363370.78,9.15
2016-10-10 00:00:00,9.1,9.17,9.08,9.12,611381.56,9.12
2016-09-30 00:00:00,9.06,9.1,9.05,9.07,308084.88,9.07
2016-09-29 00:00:00,9.05,9.08,9.05,9.06,303664.28,9.06
2016-09-28 00:00:00,9.06,9.06,9.03,9.05,271366.0,9.05
2016-09-27 00:00:00,9.04,9.07,9.01,9.06,401323.66,9.06
2016-09-26 00:00:00,9.13,9.13,9.04,9.04,439481.88,9.04
2016-09-23 00:00:00,9.16,9.19,9.14,9.15,288798.78,9.15
2016-09-22 00:00:00,9.1,9.18,9.09,9.16,494613.22,9.16
2016-09-21 00:00:00,9.08,9.1,9.03,9.08,405665.34,9.08
2016-09-20 00:00:00,9.12,9.12,9.04,9.08,436678.97,9.08
2016-09-19 00:00:00,9.05,9.14,9.05,9.12,354348.69,9.12
2016-09-14 00:00:00,9.17,9.18,9.05,9.06,421481.25,9.06
2016-09-13 00:00:00,9.18,9.21,9.14,9.19,460931.41,9.19
2016-09-12 00:00:00,9.29,9.32,9.13,9.16,756581.75,9.16
2016-09-09 00:00:00,9.4,9.43,9.36,9.38,327431.44,9.38
2016-09-08 00:00:00,9.39,9.42,9.38,9.4,295218.44,9.4
2016-09-07 00:00:00,9.41,9.42,9.37,9.4,459373.28,9.4
2016-09-06 00:00:00,9.42,9.43,9.36,9.41,574738.31,9.41
2016-09-05 00:00:00,9.46,9.46,9.4,9.42,469936.56,9.42
2016-09-02 00:00:00,9.43,9.46,9.42,9.45,368796.34,9.45
2016-09-01 00:00:00,9.49,9.52,9.42,9.45,480131.22,9.45
2016-08-31 00:00:00,9.46,9.5,9.43,9.49,489746.75,9.49
2016-08-30 00:00:00,9.42,9.47,9.41,9.47,595081.25,9.47
2016-08-29 00:00:00,9.41,9.45,9.38,9.42,565231.88,9.42
2016-08-26 00:00:00,9.45,9.47,9.4,9.45,502233.84,9.45
2016-08-25 00:00:00,9.42,9.45,9.34,9.44,617389.62,9.44
2016-08-24 00:00:00,9.41,9.43,9.38,9.43,732281.25,9.43
2016-08-23 00:00:00,9.38,9.45,9.37,9.4,890656.75,9.4
2016-08-22 00:00:00,9.5,9.51,9.36,9.4,979432.75,9.4
2016-08-19 00:00:00,9.49,9.52,9.43,9.51,505334.53,9.51
2016-08-18 00:00:00,9.56,9.59,9.43,9.5,691504.31,9.5
2016-08-17 00:00:00,9.52,9.6,9.48,9.55,560725.38,9.55
2016-08-16 00:00:00,9.68,9.68,9.46,9.52,1099558.62,9.52
2016-08-15 00:00:00,9.55,9.8,9.51,9.68,1897552.25,9.68
2016-08-12 00:00:00,9.2,9.53,9.18,9.5,1370021.5,9.5
2016-08-11 00:00:00,9.14,9.35,9.13,9.22,935576.0,9.22
2016-08-10 00:00:00,9.15,9.18,9.12,9.14,436655.44,9.14
2016-08-09 00:00:00,9.09,9.15,9.07,9.15,415676.31,9.15
2016-08-08 00:00:00,9.04,9.11,9.01,9.11,398479.31,9.11
2016-08-05 00:00:00,8.99,9.07,8.95,9.04,725948.19,9.04
2016-08-04 00:00:00,9.17,9.18,8.93,8.99,1344462.12,8.99
2016-08-03 00:00:00,9.21,9.22,9.15,9.18,424622.19,9.18
2016-08-02 00:00:00,9.24,9.26,9.17,9.25,449165.16,9.25
2016-08-01 00:00:00,9.18,9.34,9.17,9.28,759324.44,9.28
2016-07-29 00:00:00,9.08,9.24,9.03,9.2,671425.31,9.2
2016-07-28 00:00:00,8.98,9.11,8.97,9.08,479910.38,9.08
2016-07-27 00:00:00,9.12,9.17,8.91,9.01,818678.31,9.01
2016-07-26 00:00:00,8.97,9.12,8.97,9.11,546556.94,9.11
2016-07-25 00:00:00,8.93,8.98,8.91,8.98,264682.88,8.98
2016-07-22 00:00:00,8.99,8.99,8.92,8.94,295549.62,8.94
2016-07-21 00:00:00,8.95,9.01,8.95,8.99,340261.28,8.99
2016-07-20 00:00:00,8.96,8.99,8.95,8.96,310926.41,8.96
2016-07-19 00:00:00,9.04,9.05,8.95,8.97,362787.81,8.97
2016-07-18 00:00:00,8.99,9.08,8.97,9.04,506934.91,9.04
2016-07-15 00:00:00,8.95,9.0,8.91,8.99,352033.94,8.99
2016-07-14 00:00:00,8.97,9.0,8.91,8.94,359699.38,8.94
2016-07-13 00:00:00,8.88,9.05,8.86,8.99,798288.62,8.99
2016-07-12 00:00:00,8.75,8.89,8.74,8.88,711832.38,8.88
2016-07-11 00:00:00,8.75,8.79,8.74,8.75,365372.53,8.75
2016-07-08 00:00:00,8.79,8.79,8.73,8.74,261342.3,8.74
2016-07-07 00:00:00,8.79,8.8,8.74,8.78,312853.09,8.78
2016-07-06 00:00:00,8.8,8.82,8.76,8.79,322950.16,8.79
2016-07-05 00:00:00,8.8,8.83,8.77,8.81,422037.28,8.81
2016-07-04 00:00:00,8.69,8.86,8.67,8.81,608257.12,8.81
2016-07-01 00:00:00,8.69,8.73,8.68,8.71,348930.19,8.71
2016-06-30 00:00:00,8.69,8.74,8.66,8.7,362204.88,8.7
2016-06-29 00:00:00,8.63,8.69,8.62,8.69,369611.56,8.69
2016-06-28 00:00:00,8.58,8.64,8.56,8.63,336519.28,8.63
2016-06-27 00:00:00,8.57,8.64,8.54,8.61,325214.19,8.61
2016-06-24 00:00:00,8.64,8.7,8.52,8.57,427664.09,8.57
2016-06-23 00:00:00,8.67,8.7,8.63,8.66,335614.22,8.66
2016-06-22 00:00:00,8.6,8.73,8.58,8.73,478002.0,8.73
2016-06-21 00:00:00,8.61,8.65,8.58,8.61,380749.84,8.61
2016-06-20 00:00:00,8.59,8.6,8.56,8.6,270731.59,8.6
2016-06-17 00:00:00,8.57,8.61,8.54,8.58,315173.0,8.58
2016-06-16 00:00:00,8.57,8.6,8.53,8.57,386670.09,8.57
2016-06-15 00:00:00,10.33,10.48,10.32,10.44,378172.41,8.57
2016-06-14 00:00:00,10.34,10.41,10.32,10.4,273637.25,8.54
2016-06-13 00:00:00,10.46,10.47,10.33,10.33,344816.84,8.48
2016-06-08 00:00:00,10.54,10.54,10.46,10.5,268188.25,8.62
2016-06-07 00:00:00,10.52,10.53,10.48,10.52,229282.16,8.64
2016-06-06 00:00:00,10.51,10.53,10.45,10.51,338332.0,8.63
2016-06-03 00:00:00,10.47,10.52,10.41,10.5,423389.28,8.62
2016-06-02 00:00:00,10.47,10.48,10.42,10.46,293036.22,8.59
2016-06-01 00:00:00,10.51,10.55,10.44,10.48,556750.94,8.61
2016-05-31 00:00:00,10.26,10.57,10.26,10.55,946467.19,8.66
2016-05-30 00:00:00,10.25,10.28,10.2,10.28,380946.88,8.44
2016-05-27 00:00:00,10.22,10.29,10.19,10.27,222818.92,8.43
2016-05-26 00:00:00,10.22,10.27,10.17,10.22,261396.53,8.39
2016-05-25 00:00:00,10.25,10.28,10.19,10.23,204235.41,8.4
2016-05-24 00:00:00,10.27,10.28,10.19,10.21,259294.05,8.38
2016-05-23 00:00:00,10.33,10.34,10.25,10.28,323646.75,8.44
2016-05-20 00:00:00,10.24,10.33,10.19,10.3,206703.77,8.46
2016-05-19 00:00:00,10.27,10.32,10.25,10.25,170777.77,8.42
2016-05-18 00:00:00,10.29,10.32,10.17,10.3,534150.62,8.46
2016-05-17 00:00:00,10.36,10.37,10.24,10.3,250424.22,8.46
2016-05-16 00:00:00,10.32,10.36,10.25,10.36,215224.69,8.51
2016-05-13 00:00:00,10.35,10.4,10.33,10.35,184266.11,8.5
2016-05-12 00:00:00,10.31,10.4,10.25,10.38,325885.5,8.52
2016-05-11 00:00:00,10.3,10.44,10.3,10.37,327289.5,8.52
2016-05-10 00:00:00,10.34,10.37,10.27,10.28,292599.78,8.44
2016-05-09 00:00:00,10.5,10.53,10.32,10.35,411171.03,8.5
2016-05-06 00:00:00,10.73,10.73,10.52,10.52,346545.12,8.64
2016-05-05 00:00:00,10.69,10.72,10.65,10.72,239516.83,8.8
2016-05-04 00:00:00,10.68,10.75,10.66,10.72,412435.59,8.8
2016-05-03 00:00:00,10.58,10.72,10.52,10.68,489102.09,8.77
2016-04-29 00:00:00,10.64,10.64,10.55,10.57,404977.66,8.68
2016-04-28 00:00:00,10.58,10.76,10.54,10.66,457460.41,8.75
2016-04-27 00:00:00,10.58,10.61,10.52,10.57,239553.94,8.68
2016-04-26 00:00:00,10.48,10.6,10.46,10.59,291699.38,
2016-04-25 00:00:00,10.56,10.56,10.42,10.5,349257.75,
2016-04-22 00:00:00,10.46,10.62,10.41,10.55,359677.12,
2016-04-21 00:00:00,10.52,10.63,10.45,10.51,558799.19,
2016-04-20 00:00:00,10.77,10.78,10.36,10.52,606586.25,
2016-04-19 00:00:00,10.77,10.81,10.71,10.77,218239.94,
2016-04-18 00:00:00,10.82,10.85,10.73,10.73,350654.0,
2016-04-15 00:00:00,10.84,10.94,10.8,10.88,497224.03,
2016-04-14 00:00:00,10.88,10.9,10.79,10.84,323646.31,
2016-04-13 00:00:00,10.73,10.97,10.71,10.81,856760.38,
2016-04-12 00:00:00,10.7,10.71,10.62,10.67,298599.53,
2016-04-11 00:00:00,10.6,10.8,10.6,10.72,786386.0,
2016-04-08 00:00:00,10.55,10.67,10.5,10.57,376553.88,
2016-04-07 00:00:00,10.72,10.73,10.59,10.59,377719.59,
2016-04-06 00:00:00,10.68,10.75,10.61,10.72,435259.53,
2016-04-05 00:00:00,10.62,10.81,10.5,10.7,592308.62,
2016-04-01 00:00:00,10.62,10.69,10.5,10.66,369341.88,
2016-03-31 00:00:00,10.71,10.75,10.64,10.64,418387.91,
2016-03-30 00:00:00,10.48,10.7,10.47,10.7,539700.0,
2016-03-29 00:00:00,10.51,10.52,10.38,10.43,318317.88,
2016-03-28 00:00:00,10.62,10.65,10.45,10.48,358621.0,
2016-03-25 00:00:00,10.51,10.6,10.5,10.59,237070.48,
2016-03-24 00:00:00,10.61,10.63,10.5,10.52,372406.25,
2016-03-23 00:00:00,10.71,10.77,10.61,10.7,430278.16,
2016-03-22 00:00:00,10.77,10.94,10.69,10.72,625482.5,
2016-03-21 00:00:00,10.55,10.86,10.55,10.8,920432.81,
2016-03-18 00:00:00,10.42,10.57,10.4,10.54,797215.81,
2016-03-17 00:00:00,10.36,10.48,10.3,10.42,610996.38,
2016-03-16 00:00:00,10.27,10.45,10.25,10.35,664886.19,
2016-03-15 00:00:00,10.28,10.36,10.16,10.32,417920.38,
2016-03-14 00:00:00,10.21,10.46,10.21,10.26,655158.25,
2016-03-11 00:00:00,10.1,10.22,10.04,10.16,383736.72,
2016-03-10 00:00:00,10.24,10.35,10.13,10.15,474020.31,
2016-03-09 00:00:00,10.14,10.22,10.04,10.17,325900.66,
2016-03-08 00:00:00,10.36,10.36,9.94,10.28,643156.44,
2016-03-07 00:00:00,10.35,10.49,10.3,10.34,606353.0,
2016-03-04 00:00:00,10.09,10.5,10.07,10.4,1381249.12,
2016-03-03 00:00:00,10.09,10.18,10.04,10.11,553089.38,
2016-03-02 00:00:00,9.75,10.13,9.72,10.1,676613.75,
2016-03-01 00:00:00,9.62,9.77,9.58,9.7,377910.81,
2016-02-29 00:00:00,9.79,9.81,9.42,9.56,566896.38,
2016-02-26 00:00:00,9.77,9.83,9.66,9.79,392154.41,
2016-02-25 00:00:00,10.12,10.13,9.6,9.67,622072.81,
2016-02-24 00:00:00,10.06,10.15,10.01,10.15,300103.59,
2016-02-23 00:00:00,10.29,10.29,10.05,10.12,425874.38,
2016-02-22 00:00:00,10.13,10.31,10.06,10.29,617739.44,
2016-02-19 00:00:00,10.09,10.14,9.99,10.04,318898.25,
2016-02-18 00:00:00,10.18,10.22,10.09,10.09,406178.25,
2016-02-17 00:00:00,10.03,10.22,9.99,10.15,585167.06,
2016-02-16 00:00:00,9.84,10.03,9.83,10.01,428386.38,
2016-02-15 00:00:00,9.66,9.85,9.65,9.79,278499.47,
2016-02-05 00:00:00,9.96,9.97,9.91,9.92,270893.34,
2016-02-04 00:00:00,9.89,10.0,9.88,9.95,373099.47,
2016-02-03 00:00:00,9.85,9.89,9.77,9.85,274572.16,
2016-02-02 00:00:00,9.8,10.03,9.78,9.95,369104.16,
2016-02-01 00:00:00,9.98,10.01,9.74,9.8,417732.12,
2016-01-29 00:00:00,9.74,10.08,9.69,10.0,544435.75,
2016-01-28 00:00:00,9.82,9.89,9.65,9.69,302540.78,
2016-01-27 00:00:00,9.93,9.98,9.6,9.88,569037.06,
2016-01-26 00:00:00,10.32,10.32,9.86,9.87,647901.12,
2016-01-25 00:00:00,10.4,10.44,10.33,10.37,376431.72,
2016-01-22 00:00:00,10.4,10.45,10.22,10.4,466752.12,
2016-01-21 00:00:00,10.48,10.75,10.32,10.32,606145.12,
2016-01-20 00:00:00,10.7,10.8,10.44,10.54,603752.5,
2016-01-19 00:00:00,10.45,10.78,10.41,10.71,501109.09,
2016-01-18 00:00:00,10.34,10.56,10.3,10.41,421040.88,
2016-01-15 00:00:00,10.66,10.8,10.42,10.46,448202.12,
2016-01-14 00:00:00,10.59,10.8,10.48,10.77,666314.56,
2016-01-13 00:00:00,10.89,10.94,10.7,10.71,391709.47,
2016-01-12 00:00:00,10.83,10.91,10.64,10.81,561642.31,
2016-01-11 00:00:00,11.0,11.08,10.68,10.76,732014.0,
2016-01-08 00:00:00,11.21,11.29,10.9,11.12,747527.56,
2016-01-07 00:00:00,11.41,11.41,10.91,10.94,174761.09,
2016-01-06 00:00:00,11.42,11.56,11.39,11.53,515706.44,
2016-01-05 00:00:00,11.27,11.57,11.15,11.4,663269.94,
2016-01-04 00:00:00,12.0,12.03,11.23,11.33,563497.88,
2015-12-31 00:00:00,12.1,12.13,11.98,11.99,491258.91,
2015-12-30 00:00:00,12.09,12.11,11.95,12.1,532667.06,
2015-12-29 00:00:00,11.99,12.1,11.97,12.09,619802.12,
2015-12-28 00:00:00,12.43,12.46,11.98,11.98,822408.62,
2015-12-25 00:00:00,12.38,12.47,12.33,12.41,399845.06,
2015-12-24 00:00:00,12.46,12.56,12.24,12.34,640229.62,
2015-12-23 00:00:00,12.47,12.78,12.4,12.48,1039018.25,
2015-12-22 00:00:00,12.5,12.62,12.38,12.43,698091.44,
2015-12-21 00:00:00,12.14,12.72,12.11,12.51,1281142.12,
2015-12-18 00:00:00,12.03,12.55,12.02,12.23,1022944.75,
2015-12-17 00:00:00,11.97,12.14,11.96,12.07,648274.75,
2015-12-16 00:00:00,11.98,12.01,11.88,11.89,392762.81,
2015-12-15 00:00:00,12.03,12.09,11.86,11.92,364487.34,
2015-12-14 00:00:00,11.73,12.11,11.71,12.07,587236.62,
2015-12-11 00:00:00,11.91,11.92,11.73,11.83,379508.03,
2015-12-10 00:00:00,11.95,12.14,11.91,11.96,417603.59,
2015-12-09 00:00:00,11.92,12.12,11.9,11.99,429384.34,
2015-12-08 00:00:00,12.07,12.09,11.9,11.96,503101.78,
2015-12-07 00:00:00,12.18,12.25,12.04,12.15,402792.66,
2015-12-04 00:00:00,12.31,12.38,12.08,12.12,764532.44,
2015-12-03 00:00:00,12.39,12.75,12.25,12.45,1425976.75,
2015-12-02 00:00:00,11.7,12.64,11.66,12.51,1615760.88,
2015-12-01 00:00:00,11.7,11.86,11.51,11.75,680253.88,
2015-11-30 00:00:00,11.72,11.87,11.5,11.74,658493.88,
2015-11-27 00:00:00,12.18,12.2,11.53,11.73,728025.94,
2015-11-26 00:00:00,12.36,12.38,12.2,12.23,552210.12,
2015-11-25 00:00:00,12.21,12.37,12.17,12.32,513462.72,
2015-11-24 00:00:00,12.41,12.45,12.16,12.28,664214.75,
2015-11-23 00:00:00,12.55,12.6,12.38,12.45,607975.31,
2015-11-20 00:00:00,12.5,12.59,12.42,12.55,598036.31,
2015-11-19 00:00:00,12.4,12.51,12.33,12.5,471120.66,
2015-11-18 00:00:00,12.46,12.7,12.31,12.42,793704.75,
2015-11-17 00:00:00,12.41,12.7,12.36,12.5,1046486.56,
2015-11-16 00:00:00,12.13,12.39,12.09,12.34,559848.69,
2015-11-13 00:00:00,12.22,12.48,12.19,12.24,587555.06,
2015-11-12 00:00:00,12.6,12.65,12.28,12.4,671139.62,
2015-11-11 00:00:00,12.7,12.78,12.38,12.55,1021735.06,
2015-11-10 00:00:00,12.8,13.07,12.61,12.75,1125027.62,
2015-11-09 00:00:00,12.5,13.38,12.46,12.94,2413887.75,
2015-11-06 00:00:00,12.02,12.41,11.92,12.39,1463195.0,
2015-11-05 00:00:00,11.6,12.57,11.55,12.07,2292189.75,
2015-11-04 00:00:00,11.08,11.7,11.05,11.69,1307244.25,
2015-11-03 00:00:00,11.15,11.21,11.01,11.05,391265.19,
2015-11-02 00:00:00,11.27,11.32,11.1,11.14,484435.81,
2015-10-30 00:00:00,11.3,11.42,11.27,11.36,535930.75,
2015-10-29 00:00:00,11.3,11.36,11.25,11.27,316703.69,
2015-10-28 00:00:00,11.46,11.48,11.25,11.27,544811.19,
2015-10-27 00:00:00,11.5,11.64,11.34,11.48,580436.38,
2015-10-26 00:00:00,11.6,11.81,11.44,11.52,1085917.5,
2015-10-23 00:00:00,11.39,11.53,11.34,11.47,937425.12,
2015-10-22 00:00:00,11.25,11.4,11.18,11.33,822805.75,
2015-10-21 00:00:00,11.29,11.75,11.18,11.22,1332629.0,
2015-10-20 00:00:00,11.2,11.38,11.19,11.32,715163.25,
2015-10-19 00:00:00,11.27,11.35,11.15,11.26,723371.5,
2015-10-16 00:00:00,11.21,11.3,11.16,11.23,570001.44,
2015-10-15 00:00:00,10.95,11.17,10.94,11.17,485900.5,
2015-10-14 00:00:00,11.04,11.15,10.94,10.98,418980.66,
2015-10-13 00:00:00,11.2,11.26,11.09,11.13,359798.19,
2015-10-12 00:00:00,10.96,11.38,10.91,11.23,849665.12,
2015-10-09 00:00:00,10.75,10.95,10.72,10.9,474612.06,
2015-10-08 00:00:00,10.85,10.89,10.7,10.7,494070.84,
2015-10-07 00:00:00,10.53,11.54,10.52,11.54,32440.99,
2015-09-30 00:00:00,10.4,10.59,10.39,10.49,364659.72,
2015-09-29 00:00:00,10.45,10.56,10.32,10.38,333603.56,
2015-09-28 00:00:00,10.56,10.59,10.43,10.53,199087.27,
2015-09-25 00:00:00,10.69,10.71,10.45,10.55,446420.59,
2015-09-24 00:00:00,10.76,10.81,10.67,10.71,258632.55,
2015-09-23 00:00:00,10.86,10.91,10.68,10.7,371150.84,
2015-09-22 00:00:00,10.83,11.06,10.82,10.96,492955.59,
2015-09-21 00:00:00,10.7,10.89,10.65,10.82,386111.12,
2015-09-18 00:00:00,10.84,10.96,10.73,10.81,318272.81,
2015-09-17 00:00:00,10.85,11.14,10.77,10.77,620798.56,
2015-09-16 00:00:00,10.59,11.08,10.52,10.9,569243.75,
2015-09-15 00:00:00,10.69,10.85,10.5,10.57,542839.0,
2015-09-14 00:00:00,10.99,11.0,10.45,10.87,756452.75,
2015-09-11 00:00:00,11.02,11.12,10.88,10.96,426450.78,
2015-09-10 00:00:00,11.0,11.18,10.94,11.05,465205.62,
2015-09-09 00:00:00,11.03,11.19,10.88,11.1,851073.88,
2015-09-08 00:00:00,10.88,11.15,10.59,11.0,747292.44,
2015-09-07 00:00:00,11.55,11.56,10.89,10.89,1376110.62,
2015-09-02 00:00:00,11.18,12.0,11.06,11.84,2815746.75,
2015-09-01 00:00:00,10.9,11.61,10.61,11.57,2657661.25,
2015-08-31 00:00:00,10.71,11.07,10.48,11.07,1464297.25,
2015-08-28 00:00:00,10.89,11.09,10.55,10.83,1608029.75,
2015-08-27 00:00:00,10.16,10.9,9.86,10.8,1849235.62,
2015-08-26 00:00:00,9.6,10.23,9.3,9.91,2491919.5,
2015-08-25 00:00:00,9.85,10.35,9.32,9.46,2192333.75,
2015-08-24 00:00:00,11.1,11.17,10.35,10.35,1518029.62,
2015-08-21 00:00:00,11.9,11.99,11.46,11.5,933367.81,
2015-08-20 00:00:00,12.17,12.17,11.9,12.05,677634.38,
2015-08-19 00:00:00,12.1,12.23,11.9,12.23,958894.25,
2015-08-18 00:00:00,12.5,12.74,11.95,12.27,1176324.38,
2015-08-17 00:00:00,12.61,12.69,12.45,12.54,679642.56,
2015-08-14 00:00:00,12.69,12.75,12.58,12.64,823789.31,
2015-08-13 00:00:00,12.51,12.67,12.42,12.57,606344.44,
2015-08-12 00:00:00,12.69,12.77,12.56,12.57,686822.06,
2015-08-11 00:00:00,12.91,12.95,12.79,12.84,828493.38,
2015-08-10 00:00:00,12.66,12.99,12.55,12.92,1053112.0,
2015-08-07 00:00:00,12.61,12.72,12.54,12.61,622010.31,
2015-08-06 00:00:00,12.5,12.73,12.43,12.53,450218.44,
2015-08-05 00:00:00,12.8,12.95,12.57,12.59,551802.38,
2015-08-04 00:00:00,12.77,12.99,12.59,12.86,774937.56,
2015-08-03 00:00:00,12.2,12.85,12.15,12.82,1405122.75,
2015-07-31 00:00:00,12.16,12.42,12.02,12.36,1202746.88,
2015-07-30 00:00:00,12.61,12.64,12.23,12.26,770278.94,
2015-07-29 00:00:00,12.6,12.62,12.38,12.6,971682.94,
2015-07-28 00:00:00,12.19,12.76,12.15,12.62,2011200.75,
2015-07-27 00:00:00,13.25,13.32,12.04,12.44,1787859.12,
2015-07-24 00:00:00,13.68,13.7,13.32,13.38,1339310.0,
2015-07-23 00:00:00,13.46,13.75,13.41,13.67,1483696.12,
2015-07-22 00:00:00,13.49,13.54,13.34,13.52,1138090.62,
2015-07-21 00:00:00,13.51,13.64,13.38,13.57,1131643.5,
2015-07-20 00:00:00,13.8,13.8,13.53,13.6,1358683.12,
2015-07-17 00:00:00,13.66,13.94,13.53,13.82,1680637.62,
2015-07-16 00:00:00,13.6,13.76,13.42,13.6,1388939.88,
2015-07-15 00:00:00,13.66,13.96,13.4,13.58,1626423.12,
2015-07-14 00:00:00,14.2,14.38,13.51,13.87,2580229.5,
2015-07-13 00:00:00,14.4,14.89,14.12,14.44,3268196.0,
2015-07-10 00:00:00,13.85,15.36,13.61,14.86,4650988.0,
2015-07-09 00:00:00,13.19,14.44,12.11,14.26,4344355.5,
2015-07-08 00:00:00,13.81,14.0,13.19,13.19,4996697.0,
2015-07-07 00:00:00,13.66,14.65,13.21,14.65,4808312.0,
2015-07-06 00:00:00,14.3,14.31,13.29,13.88,3381526.75,
2015-07-03 00:00:00,13.98,13.99,12.79,13.07,2597458.25,
2015-07-02 00:00:00,13.9,14.31,13.38,13.75,1982826.25,
2015-07-01 00:00:00,14.35,14.59,13.74,13.92,1835406.12,
2015-06-30 00:00:00,13.54,14.54,13.38,14.54,2548103.25,
2015-06-29 00:00:00,14.08,14.15,12.75,13.56,2612943.25,
2015-06-26 00:00:00,14.64,14.95,13.38,13.77,2555321.75,
2015-06-25 00:00:00,15.58,15.63,14.76,14.87,2079164.88,
2015-06-24 00:00:00,15.0,15.13,14.7,15.12,1531996.12,
2015-06-23 00:00:00,14.64,14.97,14.11,14.95,1805488.12,
2015-06-19 00:00:00,15.25,15.39,14.5,14.63,1565520.5,
2015-06-18 00:00:00,15.68,15.68,15.01,15.38,1602554.88,
2015-06-17 00:00:00,15.83,15.89,15.45,15.73,1715942.25,
2015-06-16 00:00:00,15.8,16.06,15.5,15.64,1812179.88,
2015-06-15 00:00:00,16.53,16.6,15.9,15.92,2192176.5,
2015-06-12 00:00:00,16.48,16.63,16.31,16.51,1903388.75,
2015-06-11 00:00:00,16.68,16.77,16.35,16.48,1706960.5,
2015-06-10 00:00:00,16.8,16.93,16.53,16.68,2198386.5,
2015-06-09 00:00:00,17.36,17.45,16.68,16.98,3286967.5,
2015-06-08 00:00:00,16.32,17.45,16.19,17.29,5086050.5,
2015-06-05 00:00:00,16.7,16.8,16.03,16.3,2855456.25,
2015-06-04 00:00:00,15.85,16.58,15.66,16.37,3682532.75,
2015-06-03 00:00:00,15.77,15.95,15.5,15.83,1975231.75,
2015-06-02 00:00:00,15.89,15.9,15.52,15.77,1904822.0,
2015-06-01 00:00:00,15.33,15.98,15.19,15.9,2158362.25,
2015-05-29 00:00:00,15.51,15.67,15.11,15.32,2014932.88,
2015-05-28 00:00:00,16.5,16.51,15.43,15.5,2733061.25,
2015-05-27 00:00:00,16.62,16.91,16.4,16.48,2341217.75,
2015-05-26 00:00:00,16.63,16.7,16.28,16.62,2792208.75,
2015-05-25 00:00:00,16.35,16.71,16.35,16.6,2730369.5,
2015-05-22 00:00:00,15.91,16.3,15.82,16.27,2621907.75,
2015-05-21 00:00:00,15.8,15.89,15.62,15.79,1405846.62,
2015-05-20 00:00:00,16.01,16.15,15.6,15.74,2589667.0,
2015-05-19 00:00:00,15.17,15.74,15.05,15.59,1917812.62,
2015-05-18 00:00:00,15.2,15.35,14.97,15.18,1537084.25,
2015-05-15 00:00:00,15.8,15.88,15.27,15.45,1752716.5,
2015-05-14 00:00:00,16.0,16.05,15.69,15.89,1438027.62,
2015-05-13 00:00:00,16.18,16.25,15.74,15.88,1756561.62,
2015-05-12 00:00:00,15.98,16.18,15.65,15.96,1989655.62,
2015-05-11 00:00:00,15.8,16.12,15.49,16.03,2123077.25,
2015-05-08 00:00:00,15.71,15.98,15.5,15.85,1374468.38,
2015-05-07 00:00:00,15.72,15.88,15.5,15.67,1258707.5,
2015-05-06 00:00:00,15.82,16.3,15.49,15.72,1949911.12,
2015-05-05 00:00:00,16.41,16.52,15.5,15.86,2299341.75,
2015-05-04 00:00:00,16.7,16.7,16.28,16.52,1427575.12,
2015-04-30 00:00:00,16.83,17.26,16.68,16.7,2890635.5,
2015-04-29 00:00:00,16.66,16.75,16.2,16.65,2151188.5,
2015-04-28 00:00:00,16.45,17.38,16.22,16.7,4763544.0,
2015-04-27 00:00:00,16.21,16.6,16.2,16.42,2460563.5,
2015-04-24 00:00:00,16.3,16.51,16.01,16.14,2442837.0,
2015-04-23 00:00:00,16.98,17.04,16.56,16.66,2319688.5,
2015-04-22 00:00:00,16.58,16.98,16.5,16.95,2773141.75,
2015-04-21 00:00:00,16.32,16.7,15.98,16.56,2415937.0,
2015-04-20 00:00:00,17.1,17.2,16.16,16.3,3447257.5,
2015-04-17 00:00:00,17.5,17.5,16.8,16.93,2609523.25,
2015-04-16 00:00:00,16.34,17.1,16.25,17.0,2467407.25,
2015-04-15 00:00:00,16.3,17.28,16.1,16.65,3417642.0,
2015-04-14 00:00:00,16.5,16.5,16.1,16.3,2472375.0,
2015-04-13 00:00:00,17.0,17.16,16.15,16.54,4807153.0,
2015-04-10 00:00:00,18.0,19.8,17.85,19.8,3340209.75,
2015-04-09 00:00:00,17.95,19.05,17.73,18.0,3173063.25,
2015-04-08 00:00:00,16.93,18.08,16.65,17.92,3371646.25,
2015-04-07 00:00:00,16.15,16.96,16.15,16.81,2960472.25,
2015-04-03 00:00:00,15.7,15.94,15.61,15.85,1434941.38,
2015-04-02 00:00:00,16.09,16.14,15.62,15.8,1405837.38,
2015-04-01 00:00:00,15.82,16.14,15.55,15.96,1643316.38,
2015-03-31 00:00:00,16.04,16.6,15.63,15.75,2733183.25,
2015-03-30 00:00:00,15.23,15.94,15.1,15.66,2582613.75,
2015-03-27 00:00:00,15.1,15.29,14.86,15.08,1047638.88,
2015-03-26 00:00:00,14.86,15.42,14.71,15.11,1487891.62,
2015-03-25 00:00:00,15.28,15.32,14.89,14.91,1591468.0,
2015-03-24 00:00:00,15.43,15.59,15.22,15.35,1559193.5,
2015-03-23 00:00:00,15.33,15.56,15.33,15.43,1782055.88,
2015-03-20 00:00:00,15.19,15.55,15.06,15.32,1976394.5,
2015-03-19 00:00:00,15.48,15.48,15.12,15.19,1580300.25,
2015-03-18 00:00:00,15.36,15.58,15.29,15.51,1831000.62,
2015-03-17 00:00:00,15.51,15.8,15.25,15.4,1959841.88,
2015-03-16 00:00:00,15.1,15.5,14.92,15.41,2218472.5,
2015-03-13 00:00:00,14.9,15.61,14.8,14.99,3163988.25,
2015-03-12 00:00:00,14.2,14.96,14.08,14.6,3305137.25,
2015-03-11 00:00:00,13.79,14.08,13.79,13.86,903354.12,
2015-03-10 00:00:00,14.0,14.12,13.77,13.77,1385706.25,
2015-03-09 00:00:00,13.47,14.34,13.32,14.15,2205323.5,
2015-03-06 00:00:00,13.37,13.51,13.35,13.44,557047.75,
2015-03-05 00:00:00,13.5,13.53,13.29,13.38,828604.88,
2015-03-04 00:00:00,13.62,13.72,13.5,13.57,814973.06,
2015-03-03 00:00:00,13.98,13.98,13.59,13.6,1059476.25,
2015-03-02 00:00:00,14.03,14.09,13.87,14.03,1018797.0,
2015-02-27 00:00:00,14.06,14.16,13.96,13.99,793570.12,
2015-02-26 00:00:00,13.8,14.08,13.6,14.07,1025544.25,
2015-02-25 00:00:00,14.04,14.05,13.76,13.8,577392.31,
2015-02-24 00:00:00,14.07,15.39,14.01,15.38,66052.74,
2015-02-17 00:00:00,13.96,14.11,13.93,13.99,680491.56,
2015-02-16 00:00:00,13.95,14.01,13.73,13.92,721202.38,
2015-02-13 00:00:00,13.93,14.18,13.84,13.95,887743.12,
2015-02-12 00:00:00,13.75,13.9,13.62,13.86,608715.69,
2015-02-11 00:00:00,13.78,13.85,13.68,13.73,554349.5,
2015-02-10 00:00:00,13.49,13.82,13.42,13.77,724875.38,
2015-02-09 00:00:00,13.5,13.68,13.22,13.52,946586.25,
2015-02-06 00:00:00,13.69,13.95,13.4,13.51,1030408.56,
2015-02-05 00:00:00,14.3,14.43,13.76,13.79,1913729.12,
2015-02-04 00:00:00,14.0,14.04,13.7,13.71,807623.12,
2015-02-03 00:00:00,13.78,13.99,13.62,13.95,883349.12,
2015-02-02 00:00:00,13.6,13.8,13.55,13.63,860932.19,
2015-01-30 00:00:00,13.93,14.12,13.76,13.93,930116.69,
2015-01-29 00:00:00,13.82,14.01,13.75,13.9,1016753.31,
2015-01-28 00:00:00,13.87,14.3,13.8,14.06,1240877.5,
2015-01-27 00:00:00,14.35,14.37,13.83,13.99,1339494.62,
2015-01-26 00:00:00,14.36,14.44,14.16,14.34,1057605.75,
2015-01-23 00:00:00,14.36,14.63,14.3,14.4,1459181.88,
2015-01-22 00:00:00,14.34,14.52,14.16,14.3,1255016.12,
2015-01-21 00:00:00,13.88,14.6,13.75,14.42,1940530.38,
2015-01-20 00:00:00,13.83,14.06,13.56,13.83,1491018.12,
2015-01-19 00:00:00,14.01,14.57,13.83,13.83,2137123.75,
2015-01-16 00:00:00,15.4,15.62,15.18,15.37,1555846.38,
2015-01-15 00:00:00,14.85,15.35,14.71,15.35,1242170.38,
2015-01-14 00:00:00,14.78,15.2,14.7,14.81,1263029.62,
2015-01-13 00:00:00,14.65,14.9,14.61,14.68,816874.75,
2015-01-12 00:00:00,14.87,15.05,14.5,14.77,1553290.88,
2015-01-09 00:00:00,14.9,15.87,14.71,15.08,2508500.25,
2015-01-08 00:00:00,15.5,15.57,14.9,14.96,1407714.25,
2015-01-07 00:00:00,15.56,15.83,15.3,15.48,1700120.62,
2015-01-06 00:00:00,15.85,16.39,15.55,15.78,2166421.5,
2015-01-05 00:00:00,15.99,16.28,15.6,16.02,2860436.5,
2014-12-31 00:00:00,15.61,15.88,15.3,15.84,2400065.75,
2014-12-30 00:00:00,14.93,15.59,14.87,15.5,2366078.5,
2014-12-29 00:00:00,15.61,16.05,14.75,14.92,2586148.25,
2014-12-26 00:00:00,14.61,15.18,14.52,15.1,2437073.25,
2014-12-25 00:00:00,14.35,14.75,14.04,14.69,1997275.88,
2014-12-24 00:00:00,14.74,14.85,13.68,14.07,2010271.0,
2014-12-23 00:00:00,14.99,15.28,14.5,14.75,1797850.75,
2014-12-22 00:00:00,14.9,16.16,14.81,15.34,3467391.25,
2014-12-19 00:00:00,14.82,15.19,14.44,15.0,1935405.88,
2014-12-18 00:00:00,15.41,15.55,14.6,14.89,2470251.0,
2014-12-17 00:00:00,14.4,15.67,14.2,15.36,4400166.0,
2014-12-16 00:00:00,13.5,14.39,13.44,14.39,2469073.0,
2014-12-15 00:00:00,13.75,13.75,13.27,13.58,1800936.62,
2014-12-12 00:00:00,13.9,14.2,13.68,13.94,1643909.12,
2014-12-11 00:00:00,13.81,14.58,13.69,13.92,2237995.75,
2014-12-10 00:00:00,13.6,14.36,13.02,14.19,3527844.25,
2014-12-09 00:00:00,14.96,15.53,13.71,13.71,4045420.0,
2014-12-08 00:00:00,14.21,15.5,14.0,15.23,3928342.5,
2014-12-05 00:00:00,14.05,15.23,13.52,14.53,4413697.0,
2014-12-04 00:00:00,13.14,13.97,12.9,13.96,3450180.75,
2014-12-03 00:00:00,13.12,13.89,12.71,13.1,3997530.0,
2014-12-02 00:00:00,12.14,13.4,12.08,13.12,3490411.5,
2014-12-01 00:00:00,12.6,13.04,12.15,12.19,4465213.5,
2014-11-28 00:00:00,11.27,12.44,11.18,12.44,4844839.5,
2014-11-27 00:00:00,11.35,11.51,11.12,11.31,2103856.75,
2014-11-26 00:00:00,10.99,11.37,10.92,11.21,2184918.75,
2014-11-25 00:00:00,10.75,11.02,10.69,10.98,1567802.62,
2014-11-24 00:00:00,10.61,10.95,10.52,10.78,2227368.5,
2014-11-21 00:00:00,10.62,10.86,10.5,10.8,1146732.0,
2014-11-20 00:00:00,10.58,10.69,10.5,10.63,683544.62,
2014-11-19 00:00:00,10.6,10.66,10.54,10.63,591656.75,
2014-11-18 00:00:00,10.74,10.81,10.56,10.61,930296.44,
2014-11-17 00:00:00,10.95,10.99,10.71,10.76,889594.5,
2014-11-14 00:00:00,11.0,11.01,10.8,10.93,901526.62,
2014-11-13 00:00:00,11.18,11.36,11.03,11.05,1340384.25,
2014-11-12 00:00:00,11.19,11.21,10.99,11.2,1389462.62,
2014-11-11 00:00:00,11.11,11.64,11.07,11.27,2981391.0,
2014-11-10 00:00:00,11.05,11.25,10.86,11.14,1621348.5,
2014-11-07 00:00:00,10.81,11.38,10.77,10.91,2234369.25,
2014-11-06 00:00:00,10.82,10.9,10.74,10.84,645123.88,
2014-11-05 00:00:00,10.85,10.95,10.66,10.82,1285876.75,
2014-11-04 00:00:00,11.15,11.18,10.78,10.85,1318992.12,
2014-11-03 00:00:00,11.16,11.26,10.98,11.11,1916834.62,
2014-10-31 00:00:00,10.5,11.35,10.46,11.03,3593084.0,
2014-10-30 00:00:00,10.31,10.55,10.21,10.43,1520633.12,
2014-10-29 00:00:00,10.19,10.38,10.14,10.3,1065276.25,
2014-10-28 00:00:00,10.05,10.19,10.05,10.17,530651.0,
2014-10-27 00:00:00,10.1,10.13,9.98,10.02,729568.81,
2014-10-24 00:00:00,10.33,10.35,10.15,10.18,820989.19,
2014-10-23 00:00:00,10.12,10.34,10.12,10.24,1585479.75,
2014-10-22 00:00:00,10.08,10.19,10.06,10.1,559460.12,
2014-10-21 00:00:00,10.14,10.16,10.07,10.09,486323.22,
2014-10-20 00:00:00,10.15,10.19,10.09,10.17,611170.5,
2014-10-17 00:00:00,10.2,10.22,10.06,10.12,700511.12,
2014-10-16 00:00:00,10.1,10.35,10.08,10.2,1323735.5,
2014-10-15 00:00:00,10.11,10.18,10.02,10.16,597659.81,
2014-10-14 00:00:00,10.09,10.2,10.07,10.12,575883.31,
2014-10-13 00:00:00,10.12,10.14,10.04,10.1,519875.41,
2014-10-10 00:00:00,10.16,10.2,10.13,10.16,659349.06,
2014-10-09 00:00:00,10.26,10.29,10.16,10.2,662393.62,
2014-10-08 00:00:00,10.17,10.26,10.14,10.26,674687.19,
2014-09-30 00:00:00,10.14,10.16,10.1,10.14,483982.44,
2014-09-29 00:00:00,10.14,10.19,10.09,10.12,605358.69,
2014-09-26 00:00:00,10.16,10.17,10.06,10.12,453633.31,
2014-09-25 00:00:00,10.32,10.33,10.15,10.18,677167.31,
2014-09-24 00:00:00,10.07,10.3,10.04,10.28,760552.88,
2014-09-23 00:00:00,10.06,10.14,10.05,10.1,462158.0,
2014-09-22 00:00:00,10.33,10.34,10.02,10.06,790191.69,
2014-09-19 00:00:00,10.3,10.4,10.26,10.38,570754.19,
2014-09-18 00:00:00,10.21,10.46,10.18,10.33,768309.12,
2014-09-17 00:00:00,10.3,10.35,10.2,10.26,556748.0,
2014-09-16 00:00:00,10.32,10.46,10.24,10.25,828340.5,
2014-09-15 00:00:00,10.33,10.33,10.25,10.31,515418.34,
2014-09-12 00:00:00,10.37,10.38,10.27,10.37,408654.38,
2014-09-11 00:00:00,10.33,10.55,10.3,10.37,713461.25,
2014-09-10 00:00:00,10.4,10.41,10.31,10.33,531593.31,
2014-09-09 00:00:00,10.55,10.58,10.42,10.46,566697.56,
2014-09-05 00:00:00,10.55,10.64,10.5,10.57,597878.06,
2014-09-04 00:00:00,10.5,10.55,10.38,10.55,628158.5,
2014-09-03 00:00:00,10.47,10.59,10.43,10.5,766928.75,
2014-09-02 00:00:00,10.35,10.49,10.24,10.45,788004.94,
2014-09-01 00:00:00,10.24,10.33,10.17,10.3,487782.16,
2014-08-29 00:00:00,10.15,10.25,10.14,10.25,343726.41,
2014-08-28 00:00:00,10.24,10.25,10.14,10.15,438969.84,
2014-08-27 00:00:00,10.19,10.39,10.17,10.24,573146.81,
2014-08-26 00:00:00,10.19,10.27,10.14,10.19,461165.12,
2014-08-25 00:00:00,10.35,10.35,10.18,10.21,509434.44,
2014-08-22 00:00:00,10.29,10.41,10.26,10.35,481561.75,
2014-08-21 00:00:00,10.45,10.47,10.25,10.34,632230.5,
2014-08-20 00:00:00,10.57,10.57,10.44,10.47,573285.69,
2014-08-19 00:00:00,10.65,10.67,10.51,10.58,580821.62,
2014-08-18 00:00:00,10.59,10.69,10.55,10.65,589023.5,
2014-08-15 00:00:00,10.54,10.63,10.45,10.58,675089.75,
2014-08-14 00:00:00,10.68,10.75,10.51,10.54,523693.19,
2014-08-13 00:00:00,10.58,10.71,10.49,10.65,533364.94,
2014-08-12 00:00:00,10.65,10.66,10.52,10.6,480852.38,
2014-08-11 00:00:00,10.56,10.75,10.56,10.71,621331.88,
2014-08-08 00:00:00,10.53,10.62,10.46,10.54,555651.69,
2014-08-07 00:00:00,10.65,10.68,10.48,10.5,596434.62,
2014-08-06 00:00:00,10.75,10.75,10.51,10.65,834647.56,
2014-08-05 00:00:00,10.95,11.09,10.71,10.82,752175.25,
2014-08-04 00:00:00,10.7,10.93,10.6,10.93,830623.94,
2014-08-01 00:00:00,10.84,11.08,10.7,10.7,854509.69,
2014-07-31 00:00:00,10.75,10.9,10.65,10.87,637784.44,
2014-07-30 00:00:00,10.82,11.1,10.73,10.75,810025.62,
2014-07-29 00:00:00,10.82,11.1,10.73,10.82,1201827.12,
2014-07-28 00:00:00,10.26,10.9,10.24,10.78,1867879.12,
2014-07-25 00:00:00,10.2,10.26,10.08,10.22,853913.88,
2014-07-24 00:00:00,9.77,10.3,9.76,10.16,1805824.0,
2014-07-23 00:00:00,9.7,9.83,9.68,9.76,555703.69,
2014-07-22 00:00:00,9.53,9.8,9.52,9.73,613698.88,
2014-07-21 00:00:00,9.6,9.6,9.53,9.55,272995.06,
2014-07-18 00:00:00,9.55,9.65,9.53,9.6,375115.22,
2014-07-17 00:00:00,9.6,9.62,9.53,9.59,320072.81,
2014-07-16 00:00:00,9.7,9.71,9.52,9.61,617702.81,
2014-07-14 00:00:00,9.68,9.72,9.57,9.72,463116.12,
2014-07-11 00:00:00,9.66,9.7,9.64,9.67,318320.09,
2014-07-10 00:00:00,9.66,9.73,9.61,9.67,360257.84,
2014-07-09 00:00:00,9.92,9.92,9.58,9.65,587891.12,
2014-07-08 00:00:00,9.84,9.93,9.77,9.93,346087.03,
2014-07-07 00:00:00,9.91,9.93,9.8,9.86,343061.62,
2014-07-04 00:00:00,9.97,10.01,9.86,9.91,342311.25,
2014-07-03 00:00:00,9.89,9.99,9.83,9.96,446904.88,
2014-07-02 00:00:00,9.86,9.9,9.81,9.89,286041.72,
2014-07-01 00:00:00,9.91,9.95,9.83,9.86,284943.72,
2014-06-30 00:00:00,9.8,9.97,9.79,9.91,447237.94,
2014-06-27 00:00:00,9.79,9.87,9.71,9.82,367520.84,
2014-06-26 00:00:00,9.71,9.83,9.71,9.82,342885.25,
2014-06-25 00:00:00,9.8,9.81,9.64,9.77,271262.62,
2014-06-24 00:00:00,9.78,9.85,9.76,9.8,284593.22,
2014-06-23 00:00:00,9.85,9.95,9.76,9.77,430859.78,
2014-06-20 00:00:00,9.77,9.85,9.74,9.85,372070.88,
2014-06-19 00:00:00,9.86,9.94,9.68,9.78,483081.03,
2014-06-18 00:00:00,10.04,10.06,9.81,9.86,538550.12,
2014-06-17 00:00:00,10.05,10.18,9.98,10.04,541847.88,
2014-06-16 00:00:00,10.06,10.24,10.02,10.13,878182.31,
2014-06-13 00:00:00,9.7,10.38,9.68,10.12,1239504.75,
2014-06-12 00:00:00,9.62,9.77,9.6,9.71,367441.97,
2014-06-11 00:00:00,11.68,11.84,11.63,11.78,433233.28,
2014-06-10 00:00:00,11.52,11.75,11.47,11.75,621982.62,
2014-06-09 00:00:00,11.35,11.54,11.32,11.48,313522.03,
2014-06-06 00:00:00,11.44,11.48,11.29,11.38,186435.55,
2014-06-05 00:00:00,11.3,11.44,11.29,11.43,246291.25,
2014-06-04 00:00:00,11.51,11.52,11.25,11.33,323889.75,
2014-06-03 00:00:00,11.5,11.69,11.5,11.51,278113.88,
2014-05-30 00:00:00,11.49,11.62,11.46,11.5,318773.09,
2014-05-29 00:00:00,11.59,11.74,11.49,11.5,362238.5,
2014-05-28 00:00:00,11.57,11.63,11.39,11.6,427037.62,
2014-05-27 00:00:00,11.53,11.7,11.5,11.58,284407.69,
2014-05-26 00:00:00,11.65,11.65,11.46,11.58,315989.19,
2014-05-23 00:00:00,11.4,11.61,11.36,11.58,415356.5,
2014-05-22 00:00:00,11.33,11.66,11.29,11.39,619141.69,
2014-05-21 00:00:00,11.2,11.38,11.08,11.33,263168.28,
2014-05-20 00:00:00,11.25,11.34,11.17,11.24,205766.0,
2014-05-19 00:00:00,11.27,11.28,11.14,11.27,261105.55,
2014-05-16 00:00:00,11.19,11.34,11.18,11.27,311773.09,
2014-05-15 00:00:00,11.3,11.35,11.15,11.19,312627.56,
2014-05-14 00:00:00,11.21,11.44,11.21,11.31,416121.81,
2014-05-13 00:00:00,11.33,11.36,11.19,11.23,305833.31,
2014-05-12 00:00:00,11.15,11.4,11.02,11.34,601991.94,
2014-05-09 00:00:00,10.93,11.13,10.9,11.07,235690.41,
2014-05-08 00:00:00,10.83,11.15,10.81,10.93,379620.91,
2014-05-07 00:00:00,10.91,10.95,10.85,10.85,241910.3,
2014-05-06 00:00:00,10.92,11.09,10.9,10.95,267770.91,
2014-05-05 00:00:00,11.1,11.11,10.83,10.99,403270.5,
2014-04-30 00:00:00,11.18,11.22,11.09,11.14,259596.42,
2014-04-29 00:00:00,11.02,11.25,10.92,11.16,413621.59,
2014-04-28 00:00:00,11.25,11.28,10.96,11.03,526045.0,
